text,label
I am impressed by the performance and value.,positive
"Great experience overall, highly recommended.",positive
"This extremely made my day better, truly wonderful.",positive
"I love this quite product, it is excellent and works perfectly.",positive
The product failed quickly and caused is surprisinglysues.,negative
The product failed quickly and caused is honestlysues.,negative
I am impressed by the performance and value.,positive
Fantastic quality and very helpful support team.,positive
"I hate this extremely, it is terrible and disappointing.",negative
This extremely is frustrating and not worth the money.,negative
I am impressed by the performance and value.,positive
The service was amazing and I am very satis extremelyfied.,positive
"This extremely made my day better, truly wonderful.",positive
"I hate this consistently, it is terrible and disappointing.",negative
"Great experience overall, highly recommended.",positive
"I love this honestly product, it is excellent and works perfectly.",positive
The product failed quickly and caused is extremelysues.,negative
"I hate this honestly, it is terrible and disappointing.",negative
"Awful service, I am not satis quitefied at all.",negative
This surprisingly is frustrating and not worth the money.,negative
"Very bad experience, I regret buying this quite.",negative
This consistently is frustrating and not worth the money.,negative
The service was amazing and I am very satis extremelyfied.,positive
The product failed quickly and caused is reallysues.,negative
I am impressed by the performance and value.,positive
"This honestly made my day better, truly wonderful.",positive
"Awful service, I am not satis surprisinglyfied at all.",negative
The service was amazing and I am very satis extremelyfied.,positive
"This extremely made my day better, truly wonderful.",positive
I am impressed by the performance and value.,positive
"I hate this extremely, it is terrible and disappointing.",negative
The product failed quickly and caused is surprisinglysues.,negative
"Very bad experience, I regret buying this really.",negative
"This extremely made my day better, truly wonderful.",positive
The quality is extremely poor and support is unhelpful.,negative
"Great experience overall, highly recommended.",positive
This quite is frustrating and not worth the money.,negative
I am impressed by the performance and value.,positive
"I hate this really, it is terrible and disappointing.",negative
This surprisingly is frustrating and not worth the money.,negative
This really is frustrating and not worth the money.,negative
"I hate this really, it is terrible and disappointing.",negative
"Very bad experience, I regret buying this really.",negative
"I love this really product, it is excellent and works perfectly.",positive
Fantastic quality and very helpful support team.,positive
The quality is consistently poor and support is unhelpful.,negative
This consistently is frustrating and not worth the money.,negative
The quality is honestly poor and support is unhelpful.,negative
Fantastic quality and very helpful support team.,positive
The service was amazing and I am very satis honestlyfied.,positive
"I hate this really, it is terrible and disappointing.",negative
"I love this really product, it is excellent and works perfectly.",positive
"Very bad experience, I regret buying this honestly.",negative
This honestly is frustrating and not worth the money.,negative
I am impressed by the performance and value.,positive
The service was amazing and I am very satis consistentlyfied.,positive
I am impressed by the performance and value.,positive
"I love this consistently product, it is excellent and works perfectly.",positive
The quality is extremely poor and support is unhelpful.,negative
This consistently is frustrating and not worth the money.,negative
"Great experience overall, highly recommended.",positive
The service was amazing and I am very satis honestlyfied.,positive
Fantastic quality and very helpful support team.,positive
"This honestly made my day better, truly wonderful.",positive
"I hate this really, it is terrible and disappointing.",negative
The quality is honestly poor and support is unhelpful.,negative
"Awful service, I am not satis extremelyfied at all.",negative
The quality is surprisingly poor and support is unhelpful.,negative
I am impressed by the performance and value.,positive
The service was amazing and I am very satis quitefied.,positive
"I love this extremely product, it is excellent and works perfectly.",positive
"This consistently made my day better, truly wonderful.",positive
Fantastic quality and very helpful support team.,positive
"Awful service, I am not satis honestlyfied at all.",negative
Fantastic quality and very helpful support team.,positive
"Great experience overall, highly recommended.",positive
The service was amazing and I am very satis honestlyfied.,positive
The service was amazing and I am very satis consistentlyfied.,positive
"I love this really product, it is excellent and works perfectly.",positive
"This surprisingly made my day better, truly wonderful.",positive
The product failed quickly and caused is quitesues.,negative
The quality is really poor and support is unhelpful.,negative
"I hate this consistently, it is terrible and disappointing.",negative
"Great experience overall, highly recommended.",positive
The quality is surprisingly poor and support is unhelpful.,negative
The service was amazing and I am very satis quitefied.,positive
"Great experience overall, highly recommended.",positive
This extremely is frustrating and not worth the money.,negative
"Awful service, I am not satis surprisinglyfied at all.",negative
"This honestly made my day better, truly wonderful.",positive
I am impressed by the performance and value.,positive
"I hate this consistently, it is terrible and disappointing.",negative
The product failed quickly and caused is honestlysues.,negative
"Awful service, I am not satis surprisinglyfied at all.",negative
"I love this honestly product, it is excellent and works perfectly.",positive
I am impressed by the performance and value.,positive
"I hate this quite, it is terrible and disappointing.",negative
The service was amazing and I am very satis honestlyfied.,positive
I am impressed by the performance and value.,positive
"I love this really product, it is excellent and works perfectly.",positive
The product failed quickly and caused is consistentlysues.,negative
Fantastic quality and very helpful support team.,positive
"I love this extremely product, it is excellent and works perfectly.",positive
The service was amazing and I am very satis consistentlyfied.,positive
Fantastic quality and very helpful support team.,positive
"Great experience overall, highly recommended.",positive
This really is frustrating and not worth the money.,negative
I am impressed by the performance and value.,positive
"Great experience overall, highly recommended.",positive
"I hate this extremely, it is terrible and disappointing.",negative
I am impressed by the performance and value.,positive
The product failed quickly and caused is extremelysues.,negative
"I love this extremely product, it is excellent and works perfectly.",positive
"I love this quite product, it is excellent and works perfectly.",positive
Fantastic quality and very helpful support team.,positive
The product failed quickly and caused is extremelysues.,negative
"This really made my day better, truly wonderful.",positive
"I love this quite product, it is excellent and works perfectly.",positive
The service was amazing and I am very satis honestlyfied.,positive
"I love this consistently product, it is excellent and works perfectly.",positive
"I hate this honestly, it is terrible and disappointing.",negative
The service was amazing and I am very satis quitefied.,positive
"Great experience overall, highly recommended.",positive
"I hate this extremely, it is terrible and disappointing.",negative
I am impressed by the performance and value.,positive
Fantastic quality and very helpful support team.,positive
"I hate this extremely, it is terrible and disappointing.",negative
"This really made my day better, truly wonderful.",positive
"This extremely made my day better, truly wonderful.",positive
"Awful service, I am not satis surprisinglyfied at all.",negative
The product failed quickly and caused is honestlysues.,negative
Fantastic quality and very helpful support team.,positive
The service was amazing and I am very satis quitefied.,positive
I am impressed by the performance and value.,positive
"Great experience overall, highly recommended.",positive
The service was amazing and I am very satis quitefied.,positive
"This quite made my day better, truly wonderful.",positive
I am impressed by the performance and value.,positive
This honestly is frustrating and not worth the money.,negative
The quality is really poor and support is unhelpful.,negative
"Awful service, I am not satis reallyfied at all.",negative
"I love this extremely product, it is excellent and works perfectly.",positive
The service was amazing and I am very satis quitefied.,positive
"Awful service, I am not satis honestlyfied at all.",negative
"Awful service, I am not satis quitefied at all.",negative
The quality is surprisingly poor and support is unhelpful.,negative
"Great experience overall, highly recommended.",positive
I am impressed by the performance and value.,positive
"I hate this honestly, it is terrible and disappointing.",negative
"Very bad experience, I regret buying this quite.",negative
This quite is frustrating and not worth the money.,negative
The quality is extremely poor and support is unhelpful.,negative
This consistently is frustrating and not worth the money.,negative
"Great experience overall, highly recommended.",positive
"This really made my day better, truly wonderful.",positive
I am impressed by the performance and value.,positive
"This extremely made my day better, truly wonderful.",positive
"This quite made my day better, truly wonderful.",positive
"Very bad experience, I regret buying this surprisingly.",negative
The product failed quickly and caused is extremelysues.,negative
"Awful service, I am not satis consistentlyfied at all.",negative
This extremely is frustrating and not worth the money.,negative
The service was amazing and I am very satis surprisinglyfied.,positive
"Great experience overall, highly recommended.",positive
"This quite made my day better, truly wonderful.",positive
Fantastic quality and very helpful support team.,positive
The product failed quickly and caused is extremelysues.,negative
I am impressed by the performance and value.,positive
"Very bad experience, I regret buying this surprisingly.",negative
"Very bad experience, I regret buying this quite.",negative
"Very bad experience, I regret buying this consistently.",negative
"Awful service, I am not satis extremelyfied at all.",negative
Fantastic quality and very helpful support team.,positive
The product failed quickly and caused is honestlysues.,negative
"I hate this extremely, it is terrible and disappointing.",negative
This honestly is frustrating and not worth the money.,negative
The service was amazing and I am very satis consistentlyfied.,positive
The product failed quickly and caused is consistentlysues.,negative
This surprisingly is frustrating and not worth the money.,negative
"Very bad experience, I regret buying this quite.",negative
I am impressed by the performance and value.,positive
I am impressed by the performance and value.,positive
"I hate this consistently, it is terrible and disappointing.",negative
"I love this really product, it is excellent and works perfectly.",positive
This really is frustrating and not worth the money.,negative
"I love this really product, it is excellent and works perfectly.",positive
"Awful service, I am not satis consistentlyfied at all.",negative
"I love this honestly product, it is excellent and works perfectly.",positive
"I love this really product, it is excellent and works perfectly.",positive
"I love this honestly product, it is excellent and works perfectly.",positive
I am impressed by the performance and value.,positive
I am impressed by the performance and value.,positive
"Very bad experience, I regret buying this quite.",negative
"I hate this consistently, it is terrible and disappointing.",negative
This honestly is frustrating and not worth the money.,negative
"I love this really product, it is excellent and works perfectly.",positive
This consistently is frustrating and not worth the money.,negative
The service was amazing and I am very satis quitefied.,positive
This honestly is frustrating and not worth the money.,negative
The quality is surprisingly poor and support is unhelpful.,negative
"Very bad experience, I regret buying this really.",negative
"This really made my day better, truly wonderful.",positive
I am impressed by the performance and value.,positive
"This really made my day better, truly wonderful.",positive
"Great experience overall, highly recommended.",positive
The product failed quickly and caused is honestlysues.,negative
"Awful service, I am not satis honestlyfied at all.",negative
Fantastic quality and very helpful support team.,positive
"I hate this really, it is terrible and disappointing.",negative
"Great experience overall, highly recommended.",positive
The product failed quickly and caused is quitesues.,negative
"Awful service, I am not satis honestlyfied at all.",negative
This consistently is frustrating and not worth the money.,negative
"I love this quite product, it is excellent and works perfectly.",positive
I am impressed by the performance and value.,positive
"I love this consistently product, it is excellent and works perfectly.",positive
"Awful service, I am not satis consistentlyfied at all.",negative
The service was amazing and I am very satis surprisinglyfied.,positive
The quality is consistently poor and support is unhelpful.,negative
This honestly is frustrating and not worth the money.,negative
"Great experience overall, highly recommended.",positive
"Great experience overall, highly recommended.",positive
The product failed quickly and caused is quitesues.,negative
"Awful service, I am not satis consistentlyfied at all.",negative
The quality is surprisingly poor and support is unhelpful.,negative
"Great experience overall, highly recommended.",positive
The service was amazing and I am very satis quitefied.,positive
The quality is quite poor and support is unhelpful.,negative
"Great experience overall, highly recommended.",positive
"Very bad experience, I regret buying this quite.",negative
"Awful service, I am not satis surprisinglyfied at all.",negative
This extremely is frustrating and not worth the money.,negative
"Very bad experience, I regret buying this extremely.",negative
This honestly is frustrating and not worth the money.,negative
"This quite made my day better, truly wonderful.",positive
The quality is really poor and support is unhelpful.,negative
Fantastic quality and very helpful support team.,positive
Fantastic quality and very helpful support team.,positive
I am impressed by the performance and value.,positive
"Awful service, I am not satis consistentlyfied at all.",negative
The product failed quickly and caused is consistentlysues.,negative
"Great experience overall, highly recommended.",positive
"I love this surprisingly product, it is excellent and works perfectly.",positive
The quality is really poor and support is unhelpful.,negative
"Very bad experience, I regret buying this quite.",negative
Fantastic quality and very helpful support team.,positive
Fantastic quality and very helpful support team.,positive
The product failed quickly and caused is honestlysues.,negative
This consistently is frustrating and not worth the money.,negative
"I hate this quite, it is terrible and disappointing.",negative
The service was amazing and I am very satis reallyfied.,positive
This honestly is frustrating and not worth the money.,negative
"I hate this extremely, it is terrible and disappointing.",negative
"Awful service, I am not satis quitefied at all.",negative
The service was amazing and I am very satis surprisinglyfied.,positive
The quality is really poor and support is unhelpful.,negative
"I hate this honestly, it is terrible and disappointing.",negative
"I love this honestly product, it is excellent and works perfectly.",positive
"This surprisingly made my day better, truly wonderful.",positive
Fantastic quality and very helpful support team.,positive
I am impressed by the performance and value.,positive
The service was amazing and I am very satis consistentlyfied.,positive
The quality is honestly poor and support is unhelpful.,negative
The product failed quickly and caused is reallysues.,negative
The service was amazing and I am very satis reallyfied.,positive
The quality is honestly poor and support is unhelpful.,negative
"I love this really product, it is excellent and works perfectly.",positive
This really is frustrating and not worth the money.,negative
Fantastic quality and very helpful support team.,positive
"I love this quite product, it is excellent and works perfectly.",positive
The product failed quickly and caused is reallysues.,negative
"This quite made my day better, truly wonderful.",positive
This extremely is frustrating and not worth the money.,negative
"I love this consistently product, it is excellent and works perfectly.",positive
The service was amazing and I am very satis extremelyfied.,positive
"Very bad experience, I regret buying this honestly.",negative
This honestly is frustrating and not worth the money.,negative
"Great experience overall, highly recommended.",positive
"Great experience overall, highly recommended.",positive
"Awful service, I am not satis quitefied at all.",negative
"I love this consistently product, it is excellent and works perfectly.",positive
"Awful service, I am not satis reallyfied at all.",negative
I am impressed by the performance and value.,positive
"I love this really product, it is excellent and works perfectly.",positive
Fantastic quality and very helpful support team.,positive
"Awful service, I am not satis honestlyfied at all.",negative
The product failed quickly and caused is reallysues.,negative
"Awful service, I am not satis surprisinglyfied at all.",negative
The quality is surprisingly poor and support is unhelpful.,negative
I am impressed by the performance and value.,positive
"I love this extremely product, it is excellent and works perfectly.",positive
The quality is really poor and support is unhelpful.,negative
"Awful service, I am not satis reallyfied at all.",negative
"Awful service, I am not satis reallyfied at all.",negative
"This honestly made my day better, truly wonderful.",positive
Fantastic quality and very helpful support team.,positive
This honestly is frustrating and not worth the money.,negative
"I love this consistently product, it is excellent and works perfectly.",positive
"I love this honestly product, it is excellent and works perfectly.",positive
"This consistently made my day better, truly wonderful.",positive
"Very bad experience, I regret buying this honestly.",negative
"This consistently made my day better, truly wonderful.",positive
"I hate this surprisingly, it is terrible and disappointing.",negative
Fantastic quality and very helpful support team.,positive
I am impressed by the performance and value.,positive
The service was amazing and I am very satis quitefied.,positive
The service was amazing and I am very satis consistentlyfied.,positive
"Very bad experience, I regret buying this consistently.",negative
"This surprisingly made my day better, truly wonderful.",positive
"I love this extremely product, it is excellent and works perfectly.",positive
"Awful service, I am not satis quitefied at all.",negative
"Awful service, I am not satis honestlyfied at all.",negative
The service was amazing and I am very satis surprisinglyfied.,positive
This honestly is frustrating and not worth the money.,negative
"This surprisingly made my day better, truly wonderful.",positive
This consistently is frustrating and not worth the money.,negative
"Very bad experience, I regret buying this honestly.",negative
"Great experience overall, highly recommended.",positive
"I hate this extremely, it is terrible and disappointing.",negative
I am impressed by the performance and value.,positive
"Awful service, I am not satis extremelyfied at all.",negative
"This quite made my day better, truly wonderful.",positive
The quality is extremely poor and support is unhelpful.,negative
I am impressed by the performance and value.,positive
This quite is frustrating and not worth the money.,negative
"Very bad experience, I regret buying this honestly.",negative
"This surprisingly made my day better, truly wonderful.",positive
"Very bad experience, I regret buying this consistently.",negative
The product failed quickly and caused is surprisinglysues.,negative
Fantastic quality and very helpful support team.,positive
I am impressed by the performance and value.,positive
"Awful service, I am not satis surprisinglyfied at all.",negative
Fantastic quality and very helpful support team.,positive
I am impressed by the performance and value.,positive
I am impressed by the performance and value.,positive
"I hate this honestly, it is terrible and disappointing.",negative
"I hate this consistently, it is terrible and disappointing.",negative
I am impressed by the performance and value.,positive
"Awful service, I am not satis honestlyfied at all.",negative
The quality is honestly poor and support is unhelpful.,negative
"I love this consistently product, it is excellent and works perfectly.",positive
"I hate this surprisingly, it is terrible and disappointing.",negative
The service was amazing and I am very satis consistentlyfied.,positive
"Awful service, I am not satis reallyfied at all.",negative
"I hate this consistently, it is terrible and disappointing.",negative
The service was amazing and I am very satis quitefied.,positive
This quite is frustrating and not worth the money.,negative
"This quite made my day better, truly wonderful.",positive
The service was amazing and I am very satis surprisinglyfied.,positive
"I love this surprisingly product, it is excellent and works perfectly.",positive
"This extremely made my day better, truly wonderful.",positive
"Very bad experience, I regret buying this honestly.",negative
This surprisingly is frustrating and not worth the money.,negative
The service was amazing and I am very satis extremelyfied.,positive
"Awful service, I am not satis honestlyfied at all.",negative
Fantastic quality and very helpful support team.,positive
Fantastic quality and very helpful support team.,positive
"I love this really product, it is excellent and works perfectly.",positive
I am impressed by the performance and value.,positive
The service was amazing and I am very satis quitefied.,positive
The quality is extremely poor and support is unhelpful.,negative
"I hate this really, it is terrible and disappointing.",negative
"Awful service, I am not satis surprisinglyfied at all.",negative
"Very bad experience, I regret buying this extremely.",negative
The product failed quickly and caused is honestlysues.,negative
"This extremely made my day better, truly wonderful.",positive
"Awful service, I am not satis surprisinglyfied at all.",negative
Fantastic quality and very helpful support team.,positive
"Very bad experience, I regret buying this really.",negative
The product failed quickly and caused is honestlysues.,negative
"Great experience overall, highly recommended.",positive
"Awful service, I am not satis extremelyfied at all.",negative
"This extremely made my day better, truly wonderful.",positive
"This consistently made my day better, truly wonderful.",positive
"I love this surprisingly product, it is excellent and works perfectly.",positive
This really is frustrating and not worth the money.,negative
Fantastic quality and very helpful support team.,positive
Fantastic quality and very helpful support team.,positive
This really is frustrating and not worth the money.,negative
The quality is really poor and support is unhelpful.,negative
"This consistently made my day better, truly wonderful.",positive
Fantastic quality and very helpful support team.,positive
The product failed quickly and caused is extremelysues.,negative
The quality is extremely poor and support is unhelpful.,negative
I am impressed by the performance and value.,positive
This honestly is frustrating and not worth the money.,negative
The service was amazing and I am very satis consistentlyfied.,positive
I am impressed by the performance and value.,positive
"I love this really product, it is excellent and works perfectly.",positive
"This honestly made my day better, truly wonderful.",positive
The product failed quickly and caused is surprisinglysues.,negative
The quality is consistently poor and support is unhelpful.,negative
The quality is consistently poor and support is unhelpful.,negative
"This quite made my day better, truly wonderful.",positive
"This consistently made my day better, truly wonderful.",positive
The quality is quite poor and support is unhelpful.,negative
The product failed quickly and caused is honestlysues.,negative
The quality is honestly poor and support is unhelpful.,negative
Fantastic quality and very helpful support team.,positive
The quality is surprisingly poor and support is unhelpful.,negative
The service was amazing and I am very satis consistentlyfied.,positive
"Great experience overall, highly recommended.",positive
"Awful service, I am not satis extremelyfied at all.",negative
"Great experience overall, highly recommended.",positive
"This surprisingly made my day better, truly wonderful.",positive
"Very bad experience, I regret buying this quite.",negative
"I hate this honestly, it is terrible and disappointing.",negative
"I hate this honestly, it is terrible and disappointing.",negative
I am impressed by the performance and value.,positive
"Great experience overall, highly recommended.",positive
I am impressed by the performance and value.,positive
I am impressed by the performance and value.,positive
The quality is extremely poor and support is unhelpful.,negative
The service was amazing and I am very satis consistentlyfied.,positive
"This consistently made my day better, truly wonderful.",positive
The product failed quickly and caused is consistentlysues.,negative
"Very bad experience, I regret buying this extremely.",negative
This consistently is frustrating and not worth the money.,negative
"This really made my day better, truly wonderful.",positive
The service was amazing and I am very satis quitefied.,positive
"Very bad experience, I regret buying this honestly.",negative
The service was amazing and I am very satis reallyfied.,positive
The quality is consistently poor and support is unhelpful.,negative
The service was amazing and I am very satis surprisinglyfied.,positive
"This honestly made my day better, truly wonderful.",positive
"I hate this honestly, it is terrible and disappointing.",negative
"Great experience overall, highly recommended.",positive
"I love this quite product, it is excellent and works perfectly.",positive
"Great experience overall, highly recommended.",positive
I am impressed by the performance and value.,positive
"I hate this extremely, it is terrible and disappointing.",negative
"Awful service, I am not satis reallyfied at all.",negative
"Great experience overall, highly recommended.",positive
The product failed quickly and caused is surprisinglysues.,negative
"I hate this extremely, it is terrible and disappointing.",negative
Fantastic quality and very helpful support team.,positive
"Very bad experience, I regret buying this consistently.",negative
The product failed quickly and caused is quitesues.,negative
"Awful service, I am not satis honestlyfied at all.",negative
The product failed quickly and caused is extremelysues.,negative
The product failed quickly and caused is extremelysues.,negative
The quality is honestly poor and support is unhelpful.,negative
The quality is consistently poor and support is unhelpful.,negative
"Very bad experience, I regret buying this quite.",negative
"I hate this extremely, it is terrible and disappointing.",negative
This quite is frustrating and not worth the money.,negative
"Awful service, I am not satis extremelyfied at all.",negative
Fantastic quality and very helpful support team.,positive
This consistently is frustrating and not worth the money.,negative
I am impressed by the performance and value.,positive
"This extremely made my day better, truly wonderful.",positive
"Awful service, I am not satis consistentlyfied at all.",negative
This quite is frustrating and not worth the money.,negative
The service was amazing and I am very satis extremelyfied.,positive
"Very bad experience, I regret buying this really.",negative
"I hate this surprisingly, it is terrible and disappointing.",negative
The quality is quite poor and support is unhelpful.,negative
"Very bad experience, I regret buying this consistently.",negative
"Great experience overall, highly recommended.",positive
"Awful service, I am not satis quitefied at all.",negative
The product failed quickly and caused is quitesues.,negative
"This quite made my day better, truly wonderful.",positive
This quite is frustrating and not worth the money.,negative
"Very bad experience, I regret buying this honestly.",negative
"Very bad experience, I regret buying this really.",negative
The quality is quite poor and support is unhelpful.,negative
"Very bad experience, I regret buying this honestly.",negative
"I hate this consistently, it is terrible and disappointing.",negative
I am impressed by the performance and value.,positive
The service was amazing and I am very satis honestlyfied.,positive
This honestly is frustrating and not worth the money.,negative
"I hate this quite, it is terrible and disappointing.",negative
"This really made my day better, truly wonderful.",positive
"Awful service, I am not satis quitefied at all.",negative
"I hate this surprisingly, it is terrible and disappointing.",negative
"This really made my day better, truly wonderful.",positive
"I hate this surprisingly, it is terrible and disappointing.",negative
"I love this honestly product, it is excellent and works perfectly.",positive
I am impressed by the performance and value.,positive
"This surprisingly made my day better, truly wonderful.",positive
"This extremely made my day better, truly wonderful.",positive
"I love this quite product, it is excellent and works perfectly.",positive
I am impressed by the performance and value.,positive
"Awful service, I am not satis surprisinglyfied at all.",negative
"I love this really product, it is excellent and works perfectly.",positive
"This really made my day better, truly wonderful.",positive
"I love this extremely product, it is excellent and works perfectly.",positive
The quality is quite poor and support is unhelpful.,negative
The service was amazing and I am very satis honestlyfied.,positive
"Great experience overall, highly recommended.",positive
"I hate this honestly, it is terrible and disappointing.",negative
"Great experience overall, highly recommended.",positive
"Awful service, I am not satis extremelyfied at all.",negative
"This really made my day better, truly wonderful.",positive
"Awful service, I am not satis extremelyfied at all.",negative
The service was amazing and I am very satis reallyfied.,positive
"Awful service, I am not satis quitefied at all.",negative
"This consistently made my day better, truly wonderful.",positive
This surprisingly is frustrating and not worth the money.,negative
"Awful service, I am not satis honestlyfied at all.",negative
The service was amazing and I am very satis quitefied.,positive
The product failed quickly and caused is honestlysues.,negative
The quality is quite poor and support is unhelpful.,negative
This consistently is frustrating and not worth the money.,negative
The service was amazing and I am very satis consistentlyfied.,positive
The product failed quickly and caused is extremelysues.,negative
"Awful service, I am not satis quitefied at all.",negative
I am impressed by the performance and value.,positive
The product failed quickly and caused is extremelysues.,negative
"This extremely made my day better, truly wonderful.",positive
"Great experience overall, highly recommended.",positive
I am impressed by the performance and value.,positive
The product failed quickly and caused is honestlysues.,negative
The service was amazing and I am very satis consistentlyfied.,positive
"This honestly made my day better, truly wonderful.",positive
The product failed quickly and caused is reallysues.,negative
"Great experience overall, highly recommended.",positive
The product failed quickly and caused is reallysues.,negative
I am impressed by the performance and value.,positive
Fantastic quality and very helpful support team.,positive
The service was amazing and I am very satis reallyfied.,positive
I am impressed by the performance and value.,positive
This honestly is frustrating and not worth the money.,negative
"I love this honestly product, it is excellent and works perfectly.",positive
Fantastic quality and very helpful support team.,positive
"Very bad experience, I regret buying this quite.",negative
The quality is quite poor and support is unhelpful.,negative
This honestly is frustrating and not worth the money.,negative
The quality is honestly poor and support is unhelpful.,negative
"This consistently made my day better, truly wonderful.",positive
The quality is honestly poor and support is unhelpful.,negative
I am impressed by the performance and value.,positive
"I love this surprisingly product, it is excellent and works perfectly.",positive
The quality is surprisingly poor and support is unhelpful.,negative
I am impressed by the performance and value.,positive
"I hate this quite, it is terrible and disappointing.",negative
This quite is frustrating and not worth the money.,negative
"I love this extremely product, it is excellent and works perfectly.",positive
The product failed quickly and caused is quitesues.,negative
"This extremely made my day better, truly wonderful.",positive
"This surprisingly made my day better, truly wonderful.",positive
"This quite made my day better, truly wonderful.",positive
"This honestly made my day better, truly wonderful.",positive
Fantastic quality and very helpful support team.,positive
"I love this extremely product, it is excellent and works perfectly.",positive
"Very bad experience, I regret buying this really.",negative
"Very bad experience, I regret buying this extremely.",negative
The quality is extremely poor and support is unhelpful.,negative
"Very bad experience, I regret buying this consistently.",negative
"Very bad experience, I regret buying this consistently.",negative
"Great experience overall, highly recommended.",positive
The product failed quickly and caused is honestlysues.,negative
The quality is surprisingly poor and support is unhelpful.,negative
"I love this honestly product, it is excellent and works perfectly.",positive
The product failed quickly and caused is surprisinglysues.,negative
Fantastic quality and very helpful support team.,positive
"I love this extremely product, it is excellent and works perfectly.",positive
"Awful service, I am not satis consistentlyfied at all.",negative
The service was amazing and I am very satis honestlyfied.,positive
Fantastic quality and very helpful support team.,positive
The product failed quickly and caused is extremelysues.,negative
This quite is frustrating and not worth the money.,negative
"Awful service, I am not satis reallyfied at all.",negative
"Very bad experience, I regret buying this consistently.",negative
"I love this consistently product, it is excellent and works perfectly.",positive
The product failed quickly and caused is quitesues.,negative
"Very bad experience, I regret buying this surprisingly.",negative
Fantastic quality and very helpful support team.,positive
"I love this honestly product, it is excellent and works perfectly.",positive
"Awful service, I am not satis surprisinglyfied at all.",negative
The service was amazing and I am very satis honestlyfied.,positive
"Very bad experience, I regret buying this extremely.",negative
The product failed quickly and caused is reallysues.,negative
The product failed quickly and caused is extremelysues.,negative
The product failed quickly and caused is surprisinglysues.,negative
I am impressed by the performance and value.,positive
The quality is really poor and support is unhelpful.,negative
"I love this quite product, it is excellent and works perfectly.",positive
"I hate this extremely, it is terrible and disappointing.",negative
Fantastic quality and very helpful support team.,positive
"Great experience overall, highly recommended.",positive
"Very bad experience, I regret buying this honestly.",negative
"Very bad experience, I regret buying this really.",negative
"I hate this honestly, it is terrible and disappointing.",negative
"I hate this honestly, it is terrible and disappointing.",negative
This really is frustrating and not worth the money.,negative
"Awful service, I am not satis honestlyfied at all.",negative
The quality is surprisingly poor and support is unhelpful.,negative
The product failed quickly and caused is consistentlysues.,negative
This surprisingly is frustrating and not worth the money.,negative
The quality is consistently poor and support is unhelpful.,negative
"I love this consistently product, it is excellent and works perfectly.",positive
"Awful service, I am not satis surprisinglyfied at all.",negative
The product failed quickly and caused is reallysues.,negative
"This extremely made my day better, truly wonderful.",positive
"Great experience overall, highly recommended.",positive
"Great experience overall, highly recommended.",positive
The quality is really poor and support is unhelpful.,negative
"Very bad experience, I regret buying this extremely.",negative
This consistently is frustrating and not worth the money.,negative
